{
  "args0": [
    {
      "type": "field_data_list_selector",
      "name": "reg",
      "datalist": "forgeregs"
    },
    {
      "type": "field_data_list_selector",
      "name": "classtype",
      "datalist": "regclasses"
    },
    {
      "type": "input_value",
      "name": "registryid",
      "check": "String"
    },
    {
      "type": "input_statement",
      "name": "stuff2do"
    }
  ],
  "inputsInline": true,
  "previousStatement": null,
  "nextStatement": null,
  "colour": "#675ba5",
  "mcreator": {
    "toolbox_id": "actions",
    "toolbox_init": [
      "<value name=\"registryid\"><block type=\"text\"><field name=\"TEXT\">minecraft:sharpness</field></block></value>"
    ],
    "inputs": [
      "registryid"
    ],
    "fields": [
      "reg",
      "classtype"
    ],
    "statements": [
      {
        "name": "stuff2do",
        "disable_local_variables": false
      }
    ]
  }
}