{
  "args0": [
    {
      "type": "input_value",
      "name": "entity",
      "check": "Entity"
    },
    {
      "type": "input_value",
      "name": "distance",
      "check": "Number"
    }
  ],
  "inputsInline": true,
  "output": "Number",
  "colour": "%{BKY_MATH_HUE}",
  "mcreator": {
    "toolbox_id": "procedurespluscomp",
    "toolbox_init": [
    "<value name=\"distance\"><block type=\"math_number\"><field name=\"NUM\">5</field></block></value>",
    "<value name=\"entity\"><block type=\"entity_from_deps\"></block></value>"
  ],
    "inputs": ["entity","distance"],
    "dependencies": [
      {
        "name": "world",
        "type": "world"
      },
      {
        "name": "z",
        "type": "number"
      }
    ]
  }
}
