{
  "args0": [
    {
      "type": "field_dropdown",
      "name": "varType",
      "options": [
        ["Integer", "int"],
        ["Double", "double"]
      ]
    },
    {
      "type": "field_forloop_var_name",
      "name": "initialVarName",
      "text": "varName"
    },
    {
      "type": "input_value",
      "name": "initialValue",
      "check": "Number"
    },
    {
      "type": "field_forloop_var_name",
      "name": "conditionVarName",
      "text": "varName"
    },
    {
      "type": "field_dropdown",
      "name": "condition",
      "options": [
        ["=", "=="],
        ["\u2260", "!="],
        ["<", "<"],
        ["\u2264", "<="],
        [">", ">"],
        ["\u2265", ">="]
      ]
    },
    {
      "type": "input_value",
      "name": "conditionValue",
      "check": "Number"
    },
    {
      "type": "field_forloop_var_name",
      "name": "operationVarName",
      "text": "varName"
    },
    {
      "type": "field_dropdown",
      "name": "operation",
      "options": [
        ["=", "="],
        ["+=", "+="],
        ["-=", "-="],
        ["*=", "*="]
      ]
    },
    {
      "type": "input_value",
      "name": "operationValue",
      "check": "Number"
    },
    {
      "type": "input_statement",
      "name": "foreach"
    }
  ],
  "inputsInline": true,
  "previousStatement": null,
  "nextStatement": null,
  "colour": "%{BKY_COMMON_HUE}",
  "mcreator": {
    "toolbox_id": "data_organizer_advanced",
    "toolbox_init": [
      "<value name=\"initialValue\"><block type=\"math_number\"><field name=\"NUM\">0</field></block></value>",
      "<value name=\"conditionValue\"><block type=\"math_number\"><field name=\"NUM\">0</field></block></value>",
      "<value name=\"operationValue\"><block type=\"math_number\"><field name=\"NUM\">0</field></block></value>"
    ],
    "inputs": [
      "initialValue",
      "conditionValue",
      "operationValue"
    ],
    "fields": [
      "varType",
      "initialVarName",
      "conditionVarName",
      "condition",
      "operationVarName",
      "operation"
    ],
    "statements": [
      {
        "name": "foreach"
      }
    ]
  }
}