{
  "args0": [
    {
      "type": "field_data_list_selector",
      "name": "procedure",
      "datalist": "procedure"
    },
    {
      "type": "input_value",
      "name": "list",
      "check": "List"
    }
  ],
  "inputsInline": true,
  "output": "List",
  "colour": "%{BKY_LIST_HUE}",
  "mcreator": {
    "toolbox_id": "data_organizer_advanced",
    "toolbox_init": [
      "<value name=\"list\"><block type=\"variables_get_list\"></block></value>"
    ],
    "fields": [
      "procedure"
    ],
    "inputs": [
      "list"
    ]
  }
}