{
  "args0": [
    {
      "type": "input_value",
      "name": "name",
      "check": "String"
    },
    {
      "type": "input_value",
      "name": "jsonObject",
      "check": "JsonObject"
    },
    {
      "type": "input_value",
      "name": "jsonArray",
      "check": "JsonArray"
    }
  ],
  "inputsInline": true,
  "previousStatement": null,
  "nextStatement": null,
  "colour": "#5B3B77",
  "mcreator": {
    "toolbox_id": "data_organizer_compatibilities",
    "toolbox_init": [
      "<value name=\"name\"><block type=\"text\"><field name=\"TEXT\">name</field></block></value>"
    ],
    "inputs": [
      "name",
      "jsonObject",
      "jsonArray"
    ]
  }
}