{
  "args0": [
    {
      "type": "input_value",
      "name": "list",
      "check": "List"
    },
    {
      "type": "input_value",
      "name": "_placeholder"
    },
    {
      "type": "input_statement",
      "name": "foreach"
    }
  ],
  "inputsInline": true,
  "previousStatement": null,
  "nextStatement": null,
  "colour": "%{BKY_LIST_HUE}",
  "mcreator": {
    "toolbox_id": "data_organizer_utils",
    "toolbox_init":[
      "<value name=\"list\"><block type=\"variables_get_list\"></block></value>",
      "<value name=\"_placeholder\"><block deletable=\"false\" movable=\"false\" enable=\"false\" type=\"list_value_iterator\"></block></value>"
    ],
    "inputs": [
      "list"
    ],
    "statements": [
      {
        "name": "foreach"
      }
    ]
  }
}