{
  "args0": [
    {
      "type": "input_value",
      "name": "list1",
      "check": "List"
    },
    {
      "type": "input_value",
      "name": "list2",
      "check": "List"
    }
  ],
  "inputsInline": true,
  "output": "Boolean",
  "colour": "%{BKY_LOGIC_HUE}",
  "mcreator": {
    "toolbox_id": "data_organizer_list",
    "toolbox_init": [
      "<value name=\"list1\"><block type=\"variables_get_list\"></block></value>",
      "<value name=\"list2\"><block type=\"variables_get_list\"></block></value>"
    ],
    "inputs": [
      "list1",
      "list2"
    ]
  }
}