{
  "args0": [
    {
      "type": "input_value",
      "name": "source",
      "check": "Map"
    },
    {
      "type": "input_value",
      "name": "destination",
      "check": "Map"
    }
  ],
  "inputsInline": true,
  "previousStatement": null,
  "nextStatement": null,
  "colour": "%{BKY_MAP_HUE}",
  "mcreator": {
    "toolbox_id": "data_organizer_map",
    "toolbox_init": [
      "<value name=\"source\"><block type=\"variables_get_map\"></block></value>",
      "<value name=\"destination\"><block type=\"variables_get_map\"></block></value>"
    ],
    "inputs": [
      "source",
      "destination"
    ]
  }
}