{
  "args0": [
    {
      "type": "input_value",
      "name": "key"
    },
    {
      "type": "input_value",
      "name": "map",
      "check": "Map"
    },
    {
      "type": "input_value",
      "name": "default"
    }
  ],
  "inputsInline": true,
  "output": null,
  "colour": "%{BKY_MAP_HUE}",
  "mcreator": {
    "toolbox_id": "data_organizer_map",
    "toolbox_init": [
      "<value name=\"map\"><block type=\"variables_get_map\"></block></value>"
    ],
    "inputs": [
      "key",
      "map",
      "default"
    ]
  }
}