{
  "args0": [
    {
      "type": "input_value",
      "name": "map",
      "check": "Map"
    },
    {
      "type": "input_value",
      "name": "_placeholder"
    },
    {
      "type": "input_statement",
      "name": "foreach"
    }
  ],
  "inputsInline": true,
  "previousStatement": null,
  "nextStatement": null,
  "colour": "%{BKY_MAP_HUE}",
  "mcreator": {
    "toolbox_id": "data_organizer_utils",
    "toolbox_init":[
      "<value name=\"map\"><block type=\"variables_get_map\"></block></value>",
      "<value name=\"_placeholder\"><block deletable=\"false\" movable=\"false\" enable=\"false\" type=\"map_entry_iterator\"></block></value>"
    ],
    "inputs": [
      "map"
    ],
    "statements": [
      {
        "name": "foreach"
      }
    ]
  }
}