{
  "args0": [
    {
      "type": "input_value",
      "name": "entity",
      "check": "Entity"
    },
    {
      "type": "input_value",
      "name": "animation",
      "check": "String"
    },
    {
      "type": "field_dropdown",
      "name": "active",
      "options": [
        [
          "False",
          "&& !animation.isActive()"
        ],
        [
          "True",
          " "
        ]
      ]
    }
  ],
  "inputsInline": true,
  "previousStatement": null,
  "nextStatement": null,
  "colour": "324",
  "mcreator": {
    "toolbox_id": "playeranimator",
    "toolbox_init": [
      "<value name=\"entity\"><block type=\"entity_from_deps\"></block></value>",
      "<value name=\"animation\"><block type=\"text\"><field name=\"TEXT\">animation</field></block></value>"
    ],
    "inputs": [
      "entity",
      "animation"
    ],
    "fields": [
      "active"
    ],
    "dependencies": [
      {
        "name": "world",
        "type": "world"
      }
    ]
  }
}