{
  "dependencies_provided": [
    {
      "name": "x",
      "type": "number"
    },
    {
      "name": "y",
      "type": "number"
    },
    {
      "name": "z",
      "type": "number"
    },
    {
      "name": "entity",
      "type": "entity"
    },
    {
      "name": "world",
      "type": "world"
    },
    {
      "name": "itemstack",
      "type": "itemstack"
    },
    {
      "name": "duration",
      "type": "number"
    }
  ],
  "cancelable": true,
  "side": "both"
}