{
  "args0": [
    {
      "type": "field_data_list_selector",
      "name": "attribute",
      "datalist": "attribute",
      "customEntryProviders": "attribute"
    },
    {
      "type": "input_value",
      "name": "item",
      "check": "MCItem"
    },
    {
      "type": "input_value",
      "name": "modifier",
      "check": "Modifier"
    },
    {
      "type": "field_data_list_selector",
      "name": "slot",
      "datalist": "slot"
    }
  ],
  "inputsInline": true,
  "previousStatement": null,
  "nextStatement": null,
  "colour": 350,
  "mcreator": {
    "toolbox_id": "azz_attr",
    "toolbox_init": [
      "<value name=\"item\"><block type=\"itemstack_to_mcitem\"></block></value>"
    ],
    "fields": [
      "attribute",
      "slot"
    ],
    "inputs": [
      "item",
      "modifier"
    ]
  }
}