{
  "args0": [
    {
      "type": "field_data_list_selector",
      "name": "attribute",
      "datalist": "attribute",
      "customEntryProviders": "attribute"
    },
    {
      "type": "input_value",
      "name": "entity",
      "check": "Entity"
    },
    {
      "type": "input_value",
      "name": "modifier",
      "check": "Modifier"
    },
    {
      "type": "field_checkbox",
      "name": "permanent",
      "checked": false
    },
    {
      "type": "field_checkbox",
      "name": "checkExiting",
      "checked": true
    }
  ],
  "inputsInline": true,
  "previousStatement": null,
  "nextStatement": null,
  "colour": 195,
  "mcreator": {
    "toolbox_id": "azz_attr",
    "toolbox_init": [
      "<value name=\"entity\"><block type=\"entity_from_deps\"></block></value>"
    ],
    "fields": [
      "attribute",
      "permanent",
      "checkExiting"
    ],
    "inputs": [
      "entity",
      "modifier"
    ]
  }
}