{
  "args0": [
    {
      "type": "field_data_list_selector",
      "name": "attribute",
      "datalist": "attribute"
    },
    {
      "type": "input_value",
      "name": "entity",
      "check": "Entity"
    },
    {
      "type": "input_value",
      "name": "modifierid",
      "check": "String"
    }
  ],
  "inputsInline": true,
  "output": "Boolean",
  "colour": "%{BKY_LOGIC_HUE}",
  "mcreator": {
    "toolbox_id": "azz_attr",
    "toolbox_init": [
      "<value name=\"entity\"><block type=\"entity_from_deps\"></block></value>",
      "<value name=\"modifierid\"><block type=\"text\"><field name=\"TEXT\">UUID of an modifier</field></block></value>"
    ],
    "fields": [
      "attribute"
    ],
    "inputs": [
      "entity",
      "modifierid"
    ]
  }
}