{
  "args0": [
    {
      "type": "input_value",
      "name": "entity",
      "check": "Entity"
    },
    {
      "type": "input_value",
      "name": "name",
      "check": "String"
    }
  ],
  "inputsInline": true,
  "output": "Boolean",
  "colour": "%{BKY_LOGIC_HUE}",
  "mcreator": {
    "toolbox_id": "azz_attr",
    "toolbox_init": [
      "<value name=\"entity\"><block type=\"entity_from_deps\"></block></value>",
      "<value name=\"name\"><block type=\"text\"><field name=\"TEXT\">mod:attribute</field></block></value>"
    ],
    "inputs": [
      "entity",
      "name"
    ]
  }
}