{
  "args0": [
    {
      "type": "input_value",
      "name": "command",
      "check": "String"
    },
    {
      "type": "input_value",
      "name": "x",
      "check": "Number"
    },
    {
      "type": "input_value",
      "name": "y",
      "check": "Number"
    },
    {
      "type": "input_value",
      "name": "z",
      "check": "Number"
    },
    {
      "type": "input_value",
      "name": "permlevel",
      "check": "Number"
    }
  ],
  "inputsInline": true,
  "previousStatement": null,
  "nextStatement": null,
  "colour": "#a5865b",
  "mcreator": {
    "toolbox_id": "actions",
    "toolbox_init": [
      "<value name=\"command\"><block type=\"text\"><field name=\"TEXT\">clear</field></block></value>",
      "<value name=\"x\"><block type=\"coord_x\"></block></value>",
      "<value name=\"y\"><block type=\"coord_y\"></block></value>",
      "<value name=\"z\"><block type=\"coord_z\"></block></value>",
      "<value name=\"permlevel\"><block type=\"math_number\"><field name=\"NUM\">4</field></block></value>"
    ],
    "inputs": [
      "command",
      "x",
      "y",
      "z",
      "permlevel"
    ],
    "dependencies": [
      {
        "name": "world",
        "type": "world"
      }
    ]
  }
}